<?xml version="1.0"?>
<csp_whitelist xmlns:xsi="http://www.w3.org/2001/XMLSchema-instance" xsi:noNamespaceSchemaLocation="urn:magento:module:Magento_Csp/etc/csp_whitelist.xsd">
    <policies>
        <policy id="script-src">
            <values>
                <value id="jsdelivr.net" type="host">cdn.jsdelivr.net</value>
            </values>
        </policy>
        <policy id="style-src">
            <values>
                <value id="cdn.jsdelivr.net" type="host">cdn.jsdelivr.net</value>
            </values>
        </policy>
        <policy id="img-src">
            <values>
                <value id="data" type="host">data:</value>
            </values>
        </policy>
    </policies>
</csp_whitelist>